{
    "name": "root",
    "gauges": {
        "SimpleBehavior.Policy.Entropy.mean": {
            "value": 1.5491726398468018,
            "min": 1.5204176902770996,
            "max": 1.601000428199768,
            "count": 27
        },
        "SimpleBehavior.Policy.Entropy.sum": {
            "value": 1549.172607421875,
            "min": 1512.61181640625,
            "max": 1627.785888671875,
            "count": 27
        },
        "SimpleBehavior.Environment.EpisodeLength.mean": {
            "value": 99.0,
            "min": 76.92307692307692,
            "max": 99.0,
            "count": 27
        },
        "SimpleBehavior.Environment.EpisodeLength.sum": {
            "value": 990.0,
            "min": 913.0,
            "max": 1078.0,
            "count": 27
        },
        "SimpleBehavior.Step.mean": {
            "value": 26979.0,
            "min": 970.0,
            "max": 26979.0,
            "count": 27
        },
        "SimpleBehavior.Step.sum": {
            "value": 26979.0,
            "min": 970.0,
            "max": 26979.0,
            "count": 27
        },
        "SimpleBehavior.Policy.ExtrinsicValueEstimate.mean": {
            "value": -0.263291597366333,
            "min": -0.263291597366333,
            "max": 0.5516374707221985,
            "count": 27
        },
        "SimpleBehavior.Policy.ExtrinsicValueEstimate.sum": {
            "value": -5.26583194732666,
            "min": -5.26583194732666,
            "max": 11.03274917602539,
            "count": 27
        },
        "SimpleBehavior.Environment.CumulativeReward.mean": {
            "value": -0.5000000149011612,
            "min": -0.8413076939491125,
            "max": -0.4960000216960907,
            "count": 27
        },
        "SimpleBehavior.Environment.CumulativeReward.sum": {
            "value": -5.000000149011612,
            "min": -10.937000021338463,
            "max": -4.960000216960907,
            "count": 27
        },
        "SimpleBehavior.Policy.ExtrinsicReward.mean": {
            "value": -0.5000000149011612,
            "min": -0.8413076939491125,
            "max": -0.4960000216960907,
            "count": 27
        },
        "SimpleBehavior.Policy.ExtrinsicReward.sum": {
            "value": -5.000000149011612,
            "min": -10.937000021338463,
            "max": -4.960000216960907,
            "count": 27
        },
        "SimpleBehavior.IsTraining.mean": {
            "value": 1.0,
            "min": 1.0,
            "max": 1.0,
            "count": 27
        },
        "SimpleBehavior.IsTraining.sum": {
            "value": 1.0,
            "min": 1.0,
            "max": 1.0,
            "count": 27
        },
        "SimpleBehavior.Losses.PolicyLoss.mean": {
            "value": 0.09948722083936445,
            "min": 0.08489721527924605,
            "max": 0.11577718908665702,
            "count": 13
        },
        "SimpleBehavior.Losses.PolicyLoss.sum": {
            "value": 0.09948722083936445,
            "min": 0.08489721527924605,
            "max": 0.11577718908665702,
            "count": 13
        },
        "SimpleBehavior.Losses.ValueLoss.mean": {
            "value": 0.004935020697303116,
            "min": 0.004682048847219751,
            "max": 0.28953727257127565,
            "count": 13
        },
        "SimpleBehavior.Losses.ValueLoss.sum": {
            "value": 0.004935020697303116,
            "min": 0.004682048847219751,
            "max": 0.28953727257127565,
            "count": 13
        },
        "SimpleBehavior.Policy.LearningRate.mean": {
            "value": 3.0210089929999998e-05,
            "min": 3.0210089929999998e-05,
            "max": 0.0002793900068699999,
            "count": 13
        },
        "SimpleBehavior.Policy.LearningRate.sum": {
            "value": 3.0210089929999998e-05,
            "min": 3.0210089929999998e-05,
            "max": 0.0002793900068699999,
            "count": 13
        },
        "SimpleBehavior.Policy.Epsilon.mean": {
            "value": 0.11007,
            "min": 0.11007,
            "max": 0.19313000000000002,
            "count": 13
        },
        "SimpleBehavior.Policy.Epsilon.sum": {
            "value": 0.11007,
            "min": 0.11007,
            "max": 0.19313000000000002,
            "count": 13
        },
        "SimpleBehavior.Policy.Beta.mean": {
            "value": 0.0005124930000000001,
            "min": 0.0005124930000000001,
            "max": 0.004657187,
            "count": 13
        },
        "SimpleBehavior.Policy.Beta.sum": {
            "value": 0.0005124930000000001,
            "min": 0.0005124930000000001,
            "max": 0.004657187,
            "count": 13
        }
    },
    "metadata": {
        "timer_format_version": "0.1.0",
        "start_time_seconds": "1774429210",
        "python_version": "3.10.12 (main, Aug 16 2023, 05:39:07) [GCC 12.2.0]",
        "command_line_arguments": "/usr/local/bin/mlagents-learn /workspace/simple.yaml --run-id=prova10",
        "mlagents_version": "1.1.0",
        "mlagents_envs_version": "1.1.0",
        "communication_protocol_version": "1.5.0",
        "pytorch_version": "2.2.2+cu121",
        "numpy_version": "1.23.5",
        "end_time_seconds": "1774429285"
    },
    "total": 74.38714433600035,
    "count": 1,
    "self": 0.0029274620001160656,
    "children": {
        "run_training.setup": {
            "total": 0.0123040709995621,
            "count": 1,
            "self": 0.0123040709995621
        },
        "TrainerController.start_learning": {
            "total": 74.37191280300067,
            "count": 1,
            "self": 0.2110901029964225,
            "children": {
                "TrainerController._reset_env": {
                    "total": 8.307097567999335,
                    "count": 1,
                    "self": 8.307097567999335
                },
                "TrainerController.advance": {
                    "total": 65.82904672700533,
                    "count": 27429,
                    "self": 0.20115830808754254,
                    "children": {
                        "env_step": {
                            "total": 60.880891739961044,
                            "count": 27429,
                            "self": 50.38058761894172,
                            "children": {
                                "SubprocessEnvManager._take_step": {
                                    "total": 10.358546560989453,
                                    "count": 27429,
                                    "self": 0.5943291389767182,
                                    "children": {
                                        "TorchPolicy.evaluate": {
                                            "total": 9.764217422012734,
                                            "count": 27331,
                                            "self": 9.764217422012734
                                        }
                                    }
                                },
                                "workers": {
                                    "total": 0.14175756002987328,
                                    "count": 27428,
                                    "self": 0.0,
                                    "children": {
                                        "worker_root": {
                                            "total": 69.31515023609973,
                                            "count": 27428,
                                            "is_parallel": true,
                                            "self": 33.83663415906085,
                                            "children": {
                                                "run_training.setup": {
                                                    "total": 0.0,
                                                    "count": 0,
                                                    "is_parallel": true,