{
    "name": "root",
    "gauges": {
        "SimpleBehavior.Policy.Entropy.mean": {
            "value": 1.5687774419784546,
            "min": 1.5427169799804688,
            "max": 1.6031380891799927,
            "count": 30
        },
        "SimpleBehavior.Policy.Entropy.sum": {
            "value": 960.091796875,
            "min": 944.142822265625,
            "max": 2725.334716796875,
            "count": 30
        },
        "SimpleBehavior.Step.mean": {
            "value": 29988.0,
            "min": 960.0,
            "max": 29988.0,
            "count": 30
        },
        "SimpleBehavior.Step.sum": {
            "value": 29988.0,
            "min": 960.0,
            "max": 29988.0,
            "count": 30
        },
        "SimpleBehavior.Policy.ExtrinsicValueEstimate.mean": {
            "value": -0.08175485581159592,
            "min": -0.08175485581159592,
            "max": 1.6293995380401611,
            "count": 30
        },
        "SimpleBehavior.Policy.ExtrinsicValueEstimate.sum": {
            "value": -1.3080776929855347,
            "min": -1.3080776929855347,
            "max": 32.919639587402344,
            "count": 30
        },
        "SimpleBehavior.IsTraining.mean": {
            "value": 1.0,
            "min": 1.0,
            "max": 1.0,
            "count": 30
        },
        "SimpleBehavior.IsTraining.sum": {
            "value": 1.0,
            "min": 1.0,
            "max": 1.0,
            "count": 30
        },
        "SimpleBehavior.Environment.EpisodeLength.mean": {
            "value": 99.0,
            "min": 99.0,
            "max": 99.0,
            "count": 18
        },
        "SimpleBehavior.Environment.EpisodeLength.sum": {
            "value": 1683.0,
            "min": 1683.0,
            "max": 1683.0,
            "count": 18
        },
        "SimpleBehavior.Environment.CumulativeReward.mean": {
            "value": -0.5000000149011612,
            "min": -0.5000000149011612,
            "max": -0.5000000149011612,
            "count": 27
        },
        "SimpleBehavior.Environment.CumulativeReward.sum": {
            "value": -8.50000025331974,
            "min": -8.50000025331974,
            "max": -0.5000000149011612,
            "count": 27
        },
        "SimpleBehavior.Policy.ExtrinsicReward.mean": {
            "value": -0.5000000149011612,
            "min": -0.5000000149011612,
            "max": -0.5000000149011612,
            "count": 27
        },
        "SimpleBehavior.Policy.ExtrinsicReward.sum": {
            "value": -8.50000025331974,
            "min": -8.50000025331974,
            "max": -0.5000000149011612,
            "count": 27
        },
        "SimpleBehavior.Losses.PolicyLoss.mean": {
            "value": 0.0957043732754713,
            "min": 0.08256331118065174,
            "max": 0.11332314344512862,
            "count": 11
        },
        "SimpleBehavior.Losses.PolicyLoss.sum": {
            "value": 0.0957043732754713,
            "min": 0.08256331118065174,
            "max": 0.11332314344512862,
            "count": 11
        },
        "SimpleBehavior.Losses.ValueLoss.mean": {
            "value": 0.0024454137743558993,
            "min": 0.0012929223138521346,
            "max": 0.015727369053390367,
            "count": 11
        },
        "SimpleBehavior.Losses.ValueLoss.sum": {
            "value": 0.0024454137743558993,
            "min": 0.0012929223138521346,
            "max": 0.015727369053390367,
            "count": 11
        },
        "SimpleBehavior.Policy.LearningRate.mean": {
            "value": 1.7120094293333343e-05,
            "min": 1.7120094293333343e-05,
            "max": 0.0002721200092933333,
            "count": 11
        },
        "SimpleBehavior.Policy.LearningRate.sum": {
            "value": 1.7120094293333343e-05,
            "min": 1.7120094293333343e-05,
            "max": 0.0002721200092933333,
            "count": 11
        },
        "SimpleBehavior.Policy.Epsilon.mean": {
            "value": 0.10570666666666664,
            "min": 0.10570666666666664,
            "max": 0.1907066666666667,
            "count": 11
        },
        "SimpleBehavior.Policy.Epsilon.sum": {
            "value": 0.10570666666666664,
            "min": 0.10570666666666664,
            "max": 0.1907066666666667,
            "count": 11
        },
        "SimpleBehavior.Policy.Beta.mean": {
            "value": 0.0002947626666666668,
            "min": 0.0002947626666666668,
            "max": 0.004536262666666666,
            "count": 11
        },
        "SimpleBehavior.Policy.Beta.sum": {
            "value": 0.0002947626666666668,
            "min": 0.0002947626666666668,
            "max": 0.004536262666666666,
            "count": 11
        }
    },
    "metadata": {
        "timer_format_version": "0.1.0",
        "start_time_seconds": "1774435131",
        "python_version": "3.10.12 (main, Aug 16 2023, 05:39:07) [GCC 12.2.0]",
        "command_line_arguments": "/usr/local/bin/mlagents-learn /workspace/simple.yaml --run-id=prova20",
        "mlagents_version": "1.1.0",
        "mlagents_envs_version": "1.1.0",
        "communication_protocol_version": "1.5.0",
        "pytorch_version": "2.2.2+cu121",
        "numpy_version": "1.23.5",
        "end_time_seconds": "1774435149"
    },
    "total": 17.753654369000287,
    "count": 1,
    "self": 0.0037845160004508216,
    "children": {
        "run_training.setup": {
            "total": 0.010955650999676436,
            "count": 1,
            "self": 0.010955650999676436
        },
        "TrainerController.start_learning": {
            "total": 17.73891420200016,
            "count": 1,
            "self": 0.015207766073217499,
            "children": {
                "TrainerController._reset_env": {
                    "total": 7.063364505000209,
                    "count": 1,
                    "self": 7.063364505000209
                },
                "TrainerController.advance": {
                    "total": 10.639157956926283,
                    "count": 1800,
                    "self": 0.015447106929059373,
                    "children": {
                        "env_step": {
                            "total": 6.187791628000923,
                            "count": 1800,
                            "self": 5.256982873012021,
                            "children": {
                                "SubprocessEnvManager._take_step": {
                                    "total": 0.9208110120034689,
                                    "count": 1800,
                                    "self": 0.05040787803227431,
                                    "children": {
                                        "TorchPolicy.evaluate": {
                                            "total": 0.8704031339711946,
                                            "count": 1800,
                                            "self": 0.8704031339711946
                                        }
                                    }
                                },
                                "workers": {
                                    "total": 0.009997742985433433,
                                    "count": 1800,
                                    "self": 0.0,
                                    "children": {
                                        "worker_root": {
                                            "total": 17.69062100899646,
                                            "count": 1800,
                                            "is_parallel": true,
                                            "self": 13.546234070003266,
                                            "children": {
                                                "run_training.setup": {
                                                    "total": 0.0,
                                                    "count": 0,