{
    "name": "root",
    "gauges": {
        "SimpleBehavior.Policy.Entropy.mean": {
            "value": 1.5540542602539062,
            "min": 1.531153678894043,
            "max": 1.6074542999267578,
            "count": 30
        },
        "SimpleBehavior.Policy.Entropy.sum": {
            "value": 951.0811767578125,
            "min": 939.8993530273438,
            "max": 2732.67236328125,
            "count": 30
        },
        "SimpleBehavior.Step.mean": {
            "value": 29988.0,
            "min": 960.0,
            "max": 29988.0,
            "count": 30
        },
        "SimpleBehavior.Step.sum": {
            "value": 29988.0,
            "min": 960.0,
            "max": 29988.0,
            "count": 30
        },
        "SimpleBehavior.Policy.ExtrinsicValueEstimate.mean": {
            "value": -0.7179960608482361,
            "min": -2.0800070762634277,
            "max": -0.7179960608482361,
            "count": 30
        },
        "SimpleBehavior.Policy.ExtrinsicValueEstimate.sum": {
            "value": -11.487936973571777,
            "min": -41.861549377441406,
            "max": -11.487936973571777,
            "count": 30
        },
        "SimpleBehavior.IsTraining.mean": {
            "value": 1.0,
            "min": 1.0,
            "max": 1.0,
            "count": 30
        },
        "SimpleBehavior.IsTraining.sum": {
            "value": 1.0,
            "min": 1.0,
            "max": 1.0,
            "count": 30
        },
        "SimpleBehavior.Environment.EpisodeLength.mean": {
            "value": 99.0,
            "min": 99.0,
            "max": 99.0,
            "count": 18
        },
        "SimpleBehavior.Environment.EpisodeLength.sum": {
            "value": 1683.0,
            "min": 1683.0,
            "max": 1683.0,
            "count": 18
        },
        "SimpleBehavior.Environment.CumulativeReward.mean": {
            "value": -0.5000000149011612,
            "min": -0.5000000149011612,
            "max": -0.5000000149011612,
            "count": 27
        },
        "SimpleBehavior.Environment.CumulativeReward.sum": {
            "value": -8.50000025331974,
            "min": -8.50000025331974,
            "max": -0.5000000149011612,
            "count": 27
        },
        "SimpleBehavior.Policy.ExtrinsicReward.mean": {
            "value": -0.5000000149011612,
            "min": -0.5000000149011612,
            "max": -0.5000000149011612,
            "count": 27
        },
        "SimpleBehavior.Policy.ExtrinsicReward.sum": {
            "value": -8.50000025331974,
            "min": -8.50000025331974,
            "max": -0.5000000149011612,
            "count": 27
        },
        "SimpleBehavior.Losses.PolicyLoss.mean": {
            "value": 0.109415810338633,
            "min": 0.08623691356775386,
            "max": 0.109415810338633,
            "count": 11
        },
        "SimpleBehavior.Losses.PolicyLoss.sum": {
            "value": 0.109415810338633,
            "min": 0.08623691356775386,
            "max": 0.109415810338633,
            "count": 11
        },
        "SimpleBehavior.Losses.ValueLoss.mean": {
            "value": 0.0011106113722284376,
            "min": 0.0011106113722284376,
            "max": 0.00955965673883063,
            "count": 11
        },
        "SimpleBehavior.Losses.ValueLoss.sum": {
            "value": 0.0011106113722284376,
            "min": 0.0011106113722284376,
            "max": 0.00955965673883063,
            "count": 11
        },
        "SimpleBehavior.Policy.LearningRate.mean": {
            "value": 1.7120094293333343e-05,
            "min": 1.7120094293333343e-05,
            "max": 0.0002721200092933333,
            "count": 11
        },
        "SimpleBehavior.Policy.LearningRate.sum": {
            "value": 1.7120094293333343e-05,
            "min": 1.7120094293333343e-05,
            "max": 0.0002721200092933333,
            "count": 11
        },
        "SimpleBehavior.Policy.Epsilon.mean": {
            "value": 0.10570666666666664,
            "min": 0.10570666666666664,
            "max": 0.1907066666666667,
            "count": 11
        },
        "SimpleBehavior.Policy.Epsilon.sum": {
            "value": 0.10570666666666664,
            "min": 0.10570666666666664,
            "max": 0.1907066666666667,
            "count": 11
        },
        "SimpleBehavior.Policy.Beta.mean": {
            "value": 0.0002947626666666668,
            "min": 0.0002947626666666668,
            "max": 0.004536262666666666,
            "count": 11
        },
        "SimpleBehavior.Policy.Beta.sum": {
            "value": 0.0002947626666666668,
            "min": 0.0002947626666666668,
            "max": 0.004536262666666666,
            "count": 11
        }
    },
    "metadata": {
        "timer_format_version": "0.1.0",
        "start_time_seconds": "1774435636",
        "python_version": "3.10.12 (main, Aug 16 2023, 05:39:07) [GCC 12.2.0]",
        "command_line_arguments": "/usr/local/bin/mlagents-learn /workspace/simple.yaml --run-id=prova22",
        "mlagents_version": "1.1.0",
        "mlagents_envs_version": "1.1.0",
        "communication_protocol_version": "1.5.0",
        "pytorch_version": "2.2.2+cu121",
        "numpy_version": "1.23.5",
        "end_time_seconds": "1774435653"
    },
    "total": 17.194912169999952,
    "count": 1,
    "self": 0.0031837429996812716,
    "children": {
        "run_training.setup": {
            "total": 0.011554357999557396,
            "count": 1,
            "self": 0.011554357999557396
        },
        "TrainerController.start_learning": {
            "total": 17.180174069000714,
            "count": 1,
            "self": 0.016520719986147014,
            "children": {
                "TrainerController._reset_env": {
                    "total": 5.942716825000389,
                    "count": 1,
                    "self": 5.942716825000389
                },
                "TrainerController.advance": {
                    "total": 11.200302116012608,
                    "count": 1800,
                    "self": 0.01600981905903609,
                    "children": {
                        "env_step": {
                            "total": 6.711258793977322,
                            "count": 1800,
                            "self": 5.757588890930492,
                            "children": {
                                "SubprocessEnvManager._take_step": {
                                    "total": 0.9433850720324699,
                                    "count": 1800,
                                    "self": 0.05181073803214531,
                                    "children": {
                                        "TorchPolicy.evaluate": {
                                            "total": 0.8915743340003246,
                                            "count": 1800,
                                            "self": 0.8915743340003246
                                        }
                                    }
                                },
                                "workers": {
                                    "total": 0.010284831014359952,
                                    "count": 1800,
                                    "self": 0.0,
                                    "children": {
                                        "worker_root": {
                                            "total": 17.134086235013456,
                                            "count": 1800,
                                            "is_parallel": true,
                                            "self": 12.496492098009185,
                                            "children": {
                                                "run_training.setup": {
                                                    "total": 0.0,
                                                    "count": 0,