{
    "name": "root",
    "gauges": {
        "SimpleBehavior.Policy.Entropy.mean": {
            "value": 1.5475304126739502,
            "min": 1.5475304126739502,
            "max": 1.6056597232818604,
            "count": 30
        },
        "SimpleBehavior.Policy.Entropy.sum": {
            "value": 947.088623046875,
            "min": 947.088623046875,
            "max": 2729.033447265625,
            "count": 30
        },
        "SimpleBehavior.Step.mean": {
            "value": 29988.0,
            "min": 960.0,
            "max": 29988.0,
            "count": 30
        },
        "SimpleBehavior.Step.sum": {
            "value": 29988.0,
            "min": 960.0,
            "max": 29988.0,
            "count": 30
        },
        "SimpleBehavior.Policy.ExtrinsicValueEstimate.mean": {
            "value": -0.008010543882846832,
            "min": -0.08820561319589615,
            "max": 1.077370047569275,
            "count": 30
        },
        "SimpleBehavior.Policy.ExtrinsicValueEstimate.sum": {
            "value": -0.12816870212554932,
            "min": -1.8523179292678833,
            "max": 24.729503631591797,
            "count": 30
        },
        "SimpleBehavior.IsTraining.mean": {
            "value": 1.0,
            "min": 1.0,
            "max": 1.0,
            "count": 30
        },
        "SimpleBehavior.IsTraining.sum": {
            "value": 1.0,
            "min": 1.0,
            "max": 1.0,
            "count": 30
        },
        "SimpleBehavior.Environment.EpisodeLength.mean": {
            "value": 99.0,
            "min": 99.0,
            "max": 99.0,
            "count": 18
        },
        "SimpleBehavior.Environment.EpisodeLength.sum": {
            "value": 1683.0,
            "min": 1683.0,
            "max": 1683.0,
            "count": 18
        },
        "SimpleBehavior.Environment.CumulativeReward.mean": {
            "value": -0.5000000149011612,
            "min": -0.5000000149011612,
            "max": -0.5000000149011612,
            "count": 27
        },
        "SimpleBehavior.Environment.CumulativeReward.sum": {
            "value": -8.50000025331974,
            "min": -8.50000025331974,
            "max": -0.5000000149011612,
            "count": 27
        },
        "SimpleBehavior.Policy.ExtrinsicReward.mean": {
            "value": -0.5000000149011612,
            "min": -0.5000000149011612,
            "max": -0.5000000149011612,
            "count": 27
        },
        "SimpleBehavior.Policy.ExtrinsicReward.sum": {
            "value": -8.50000025331974,
            "min": -8.50000025331974,
            "max": -0.5000000149011612,
            "count": 27
        },
        "SimpleBehavior.Losses.PolicyLoss.mean": {
            "value": 0.10097058802525434,
            "min": 0.08900291819332375,
            "max": 0.10414866594843163,
            "count": 11
        },
        "SimpleBehavior.Losses.PolicyLoss.sum": {
            "value": 0.10097058802525434,
            "min": 0.08900291819332375,
            "max": 0.10414866594843163,
            "count": 11
        },
        "SimpleBehavior.Losses.ValueLoss.mean": {
            "value": 0.0010883359357176797,
            "min": 0.0010883359357176797,
            "max": 0.01005458504741275,
            "count": 11
        },
        "SimpleBehavior.Losses.ValueLoss.sum": {
            "value": 0.0010883359357176797,
            "min": 0.0010883359357176797,
            "max": 0.01005458504741275,
            "count": 11
        },
        "SimpleBehavior.Policy.LearningRate.mean": {
            "value": 1.7120094293333343e-05,
            "min": 1.7120094293333343e-05,
            "max": 0.0002721200092933333,
            "count": 11
        },
        "SimpleBehavior.Policy.LearningRate.sum": {
            "value": 1.7120094293333343e-05,
            "min": 1.7120094293333343e-05,
            "max": 0.0002721200092933333,
            "count": 11
        },
        "SimpleBehavior.Policy.Epsilon.mean": {
            "value": 0.10570666666666664,
            "min": 0.10570666666666664,
            "max": 0.1907066666666667,
            "count": 11
        },
        "SimpleBehavior.Policy.Epsilon.sum": {
            "value": 0.10570666666666664,
            "min": 0.10570666666666664,
            "max": 0.1907066666666667,
            "count": 11
        },
        "SimpleBehavior.Policy.Beta.mean": {
            "value": 0.0002947626666666668,
            "min": 0.0002947626666666668,
            "max": 0.004536262666666666,
            "count": 11
        },
        "SimpleBehavior.Policy.Beta.sum": {
            "value": 0.0002947626666666668,
            "min": 0.0002947626666666668,
            "max": 0.004536262666666666,
            "count": 11
        }
    },
    "metadata": {
        "timer_format_version": "0.1.0",
        "start_time_seconds": "1774435049",
        "python_version": "3.10.12 (main, Aug 16 2023, 05:39:07) [GCC 12.2.0]",
        "command_line_arguments": "/usr/local/bin/mlagents-learn /workspace/simple.yaml --run-id=prova19",
        "mlagents_version": "1.1.0",
        "mlagents_envs_version": "1.1.0",
        "communication_protocol_version": "1.5.0",
        "pytorch_version": "2.2.2+cu121",
        "numpy_version": "1.23.5",
        "end_time_seconds": "1774435066"
    },
    "total": 17.425630424999326,
    "count": 1,
    "self": 0.003211203997125267,
    "children": {
        "run_training.setup": {
            "total": 0.011099429000751115,
            "count": 1,
            "self": 0.011099429000751115
        },
        "TrainerController.start_learning": {
            "total": 17.41131979200145,
            "count": 1,
            "self": 0.016087475974927656,
            "children": {
                "TrainerController._reset_env": {
                    "total": 6.7192918860000646,
                    "count": 1,
                    "self": 6.7192918860000646
                },
                "TrainerController.advance": {
                    "total": 10.655569623024348,
                    "count": 1800,
                    "self": 0.015996769076082273,
                    "children": {
                        "env_step": {
                            "total": 6.235131628956879,
                            "count": 1800,
                            "self": 5.298509470980207,
                            "children": {
                                "SubprocessEnvManager._take_step": {
                                    "total": 0.9263840660078131,
                                    "count": 1800,
                                    "self": 0.05119409001781605,
                                    "children": {
                                        "TorchPolicy.evaluate": {
                                            "total": 0.875189975989997,
                                            "count": 1800,
                                            "self": 0.875189975989997
                                        }
                                    }
                                },
                                "workers": {
                                    "total": 0.010238091968858498,
                                    "count": 1800,
                                    "self": 0.0,
                                    "children": {
                                        "worker_root": {
                                            "total": 17.36510817301496,
                                            "count": 1800,
                                            "is_parallel": true,
                                            "self": 13.174992258002021,
                                            "children": {
                                                "run_training.setup": {
                                                    "total": 0.0,
                                                    "count": 0,