{
    "name": "root",
    "gauges": {
        "SimpleBehavior.Policy.Entropy.mean": {
            "value": 1.5470874309539795,
            "min": 1.5329914093017578,
            "max": 1.6030325889587402,
            "count": 24
        },
        "SimpleBehavior.Policy.Entropy.sum": {
            "value": 1972.5364990234375,
            "min": 952.3340454101562,
            "max": 2722.8720703125,
            "count": 24
        },
        "SimpleBehavior.Environment.EpisodeLength.mean": {
            "value": 91.6,
            "min": 38.0,
            "max": 106.6923076923077,
            "count": 24
        },
        "SimpleBehavior.Environment.EpisodeLength.sum": {
            "value": 1374.0,
            "min": 38.0,
            "max": 1846.0,
            "count": 24
        },
        "SimpleBehavior.Step.mean": {
            "value": 23966.0,
            "min": 999.0,
            "max": 23966.0,
            "count": 24
        },
        "SimpleBehavior.Step.sum": {
            "value": 23966.0,
            "min": 999.0,
            "max": 23966.0,
            "count": 24
        },
        "SimpleBehavior.Policy.ExtrinsicValueEstimate.mean": {
            "value": -0.1330195963382721,
            "min": -0.33295613527297974,
            "max": 1.2151283025741577,
            "count": 24
        },
        "SimpleBehavior.Policy.ExtrinsicValueEstimate.sum": {
            "value": -3.059450626373291,
            "min": -5.66025447845459,
            "max": 20.657180786132812,
            "count": 24
        },
        "SimpleBehavior.Environment.CumulativeReward.mean": {
            "value": -0.5946666866540908,
            "min": -1.191999912261963,
            "max": -0.4973333577315013,
            "count": 24
        },
        "SimpleBehavior.Environment.CumulativeReward.sum": {
            "value": -8.920000299811363,
            "min": -12.114000111818314,
            "max": -1.191999912261963,
            "count": 24
        },
        "SimpleBehavior.Policy.ExtrinsicReward.mean": {
            "value": -0.5946666866540908,
            "min": -1.191999912261963,
            "max": -0.4973333577315013,
            "count": 24
        },
        "SimpleBehavior.Policy.ExtrinsicReward.sum": {
            "value": -8.920000299811363,
            "min": -12.114000111818314,
            "max": -1.191999912261963,
            "count": 24
        },
        "SimpleBehavior.IsTraining.mean": {
            "value": 1.0,
            "min": 1.0,
            "max": 1.0,
            "count": 24
        },
        "SimpleBehavior.IsTraining.sum": {
            "value": 1.0,
            "min": 1.0,
            "max": 1.0,
            "count": 24
        },
        "SimpleBehavior.Losses.PolicyLoss.mean": {
            "value": 0.10088022293833394,
            "min": 0.08550665869067113,
            "max": 0.10385067777436537,
            "count": 10
        },
        "SimpleBehavior.Losses.PolicyLoss.sum": {
            "value": 0.10088022293833394,
            "min": 0.08550665869067113,
            "max": 0.10385067777436537,
            "count": 10
        },
        "SimpleBehavior.Losses.ValueLoss.mean": {
            "value": 0.00451275113906983,
            "min": 0.004083872792155792,
            "max": 0.029079763385338513,
            "count": 10
        },
        "SimpleBehavior.Losses.ValueLoss.sum": {
            "value": 0.00451275113906983,
            "min": 0.004083872792155792,
            "max": 0.029079763385338513,
            "count": 10
        },
        "SimpleBehavior.Policy.LearningRate.mean": {
            "value": 0.00023242502252500004,
            "min": 0.00023242502252500004,
            "max": 0.000292128002624,
            "count": 10
        },
        "SimpleBehavior.Policy.LearningRate.sum": {
            "value": 0.00023242502252500004,
            "min": 0.00023242502252500004,
            "max": 0.000292128002624,
            "count": 10
        },
        "SimpleBehavior.Policy.Epsilon.mean": {
            "value": 0.17747500000000002,
            "min": 0.17747500000000002,
            "max": 0.197376,
            "count": 10
        },
        "SimpleBehavior.Policy.Epsilon.sum": {
            "value": 0.17747500000000002,
            "min": 0.17747500000000002,
            "max": 0.197376,
            "count": 10
        },
        "SimpleBehavior.Policy.Beta.mean": {
            "value": 0.003876002500000001,
            "min": 0.003876002500000001,
            "max": 0.004869062399999999,
            "count": 10
        },
        "SimpleBehavior.Policy.Beta.sum": {
            "value": 0.003876002500000001,
            "min": 0.003876002500000001,
            "max": 0.004869062399999999,
            "count": 10
        }
    },
    "metadata": {
        "timer_format_version": "0.1.0",
        "start_time_seconds": "1774511733",
        "python_version": "3.10.12 (main, Aug 16 2023, 05:39:07) [GCC 12.2.0]",
        "command_line_arguments": "/usr/local/bin/mlagents-learn /workspace/simple.yaml --run-id=prova27",
        "mlagents_version": "1.1.0",
        "mlagents_envs_version": "1.1.0",
        "communication_protocol_version": "1.5.0",
        "pytorch_version": "2.2.2+cu121",
        "numpy_version": "1.23.5",
        "end_time_seconds": "1774511795"
    },
    "total": 62.83825878200014,
    "count": 1,
    "self": 0.002764093000223511,
    "children": {
        "run_training.setup": {
            "total": 0.011982028000147693,
            "count": 1,
            "self": 0.011982028000147693
        },
        "TrainerController.start_learning": {
            "total": 62.82351266099977,
            "count": 1,
            "self": 0.015388186001928261,
            "children": {
                "TrainerController._reset_env": {
                    "total": 48.87739730000021,
                    "count": 1,
                    "self": 48.87739730000021
                },
                "TrainerController.advance": {
                    "total": 13.889112523997483,
                    "count": 1595,
                    "self": 0.014620151995131891,
                    "children": {
                        "env_step": {
                            "total": 9.848560973005988,
                            "count": 1595,
                            "self": 9.119001487013975,
                            "children": {
                                "SubprocessEnvManager._take_step": {
                                    "total": 0.7203017479973823,
                                    "count": 1595,
                                    "self": 0.044832387999576895,
                                    "children": {
                                        "TorchPolicy.evaluate": {
                                            "total": 0.6754693599978054,
                                            "count": 1477,
                                            "self": 0.6754693599978054
                                        }
                                    }
                                },
                                "workers": {
                                    "total": 0.009257737994630588,
                                    "count": 1594,
                                    "self": 0.0,
                                    "children": {
                                        "worker_root": {
                                            "total": 62.72259949900854,
                                            "count": 1594,
                                            "is_parallel": true,
                                            "self": 54.685299514992494,
                                            "children": {
                                                "run_training.setup": {
                                                    "total": 0.0,
                                                    "count": 0,
                                                    "is_parallel": true,