{
    "name": "root",
    "gauges": {
        "SimpleBehavior.Policy.Entropy.mean": {
            "value": 1.3465989828109741,
            "min": 1.3465989828109741,
            "max": 1.6061525344848633,
            "count": 39
        },
        "SimpleBehavior.Policy.Entropy.sum": {
            "value": 824.1185913085938,
            "min": 660.3974609375,
            "max": 2730.3984375,
            "count": 39
        },
        "SimpleBehavior.Step.mean": {
            "value": 38992.0,
            "min": 960.0,
            "max": 38992.0,
            "count": 39
        },
        "SimpleBehavior.Step.sum": {
            "value": 38992.0,
            "min": 960.0,
            "max": 38992.0,
            "count": 39
        },
        "SimpleBehavior.Policy.ExtrinsicValueEstimate.mean": {
            "value": -0.19019044935703278,
            "min": -0.33345431089401245,
            "max": 0.8333826065063477,
            "count": 39
        },
        "SimpleBehavior.Policy.ExtrinsicValueEstimate.sum": {
            "value": -4.184189796447754,
            "min": -5.990817070007324,
            "max": 18.538602828979492,
            "count": 39
        },
        "SimpleBehavior.IsTraining.mean": {
            "value": 1.0,
            "min": 1.0,
            "max": 1.0,
            "count": 39
        },
        "SimpleBehavior.IsTraining.sum": {
            "value": 1.0,
            "min": 1.0,
            "max": 1.0,
            "count": 39
        },
        "SimpleBehavior.Environment.EpisodeLength.mean": {
            "value": 99.0,
            "min": 99.0,
            "max": 104.88235294117646,
            "count": 23
        },
        "SimpleBehavior.Environment.EpisodeLength.sum": {
            "value": 1584.0,
            "min": 1584.0,
            "max": 1783.0,
            "count": 23
        },
        "SimpleBehavior.Environment.CumulativeReward.mean": {
            "value": -0.5000000149011612,
            "min": -1.0000000707805157,
            "max": -0.5000000149011612,
            "count": 36
        },
        "SimpleBehavior.Environment.CumulativeReward.sum": {
            "value": -7.000000208616257,
            "min": -9.000000309199095,
            "max": -1.0000000298023224,
            "count": 36
        },
        "SimpleBehavior.Policy.ExtrinsicReward.mean": {
            "value": -0.5000000149011612,
            "min": -1.0000000707805157,
            "max": -0.5000000149011612,
            "count": 36
        },
        "SimpleBehavior.Policy.ExtrinsicReward.sum": {
            "value": -7.000000208616257,
            "min": -9.000000309199095,
            "max": -1.0000000298023224,
            "count": 36
        },
        "SimpleBehavior.Losses.PolicyLoss.mean": {
            "value": 0.0880133790690734,
            "min": 0.0880133790690734,
            "max": 0.1141796881005306,
            "count": 15
        },
        "SimpleBehavior.Losses.PolicyLoss.sum": {
            "value": 0.0880133790690734,
            "min": 0.0880133790690734,
            "max": 0.1141796881005306,
            "count": 15
        },
        "SimpleBehavior.Losses.ValueLoss.mean": {
            "value": 0.0004420291231574745,
            "min": 0.00043815110984724015,
            "max": 0.006456623536123093,
            "count": 15
        },
        "SimpleBehavior.Losses.ValueLoss.sum": {
            "value": 0.0004420291231574745,
            "min": 0.00043815110984724015,
            "max": 0.006456623536123093,
            "count": 15
        },
        "SimpleBehavior.Policy.LearningRate.mean": {
            "value": 0.00018453603848800001,
            "min": 0.00018453603848800001,
            "max": 0.000291744002752,
            "count": 15
        },
        "SimpleBehavior.Policy.LearningRate.sum": {
            "value": 0.00018453603848800001,
            "min": 0.00018453603848800001,
            "max": 0.000291744002752,
            "count": 15
        },
        "SimpleBehavior.Policy.Epsilon.mean": {
            "value": 0.16151200000000002,
            "min": 0.16151200000000002,
            "max": 0.19724800000000006,
            "count": 15
        },
        "SimpleBehavior.Policy.Epsilon.sum": {
            "value": 0.16151200000000002,
            "min": 0.16151200000000002,
            "max": 0.19724800000000006,
            "count": 15
        },
        "SimpleBehavior.Policy.Beta.mean": {
            "value": 0.0030794488000000005,
            "min": 0.0030794488000000005,
            "max": 0.0048626751999999995,
            "count": 15
        },
        "SimpleBehavior.Policy.Beta.sum": {
            "value": 0.0030794488000000005,
            "min": 0.0030794488000000005,
            "max": 0.0048626751999999995,
            "count": 15
        }
    },
    "metadata": {
        "timer_format_version": "0.1.0",
        "start_time_seconds": "1774436549",
        "python_version": "3.10.12 (main, Aug 16 2023, 05:39:07) [GCC 12.2.0]",
        "command_line_arguments": "/usr/local/bin/mlagents-learn /workspace/simple.yaml --run-id=prova24",
        "mlagents_version": "1.1.0",
        "mlagents_envs_version": "1.1.0",
        "communication_protocol_version": "1.5.0",
        "pytorch_version": "2.2.2+cu121",
        "numpy_version": "1.23.5",
        "end_time_seconds": "1774436582"
    },
    "total": 32.61732753999968,
    "count": 1,
    "self": 0.0024927929989644326,
    "children": {
        "run_training.setup": {
            "total": 0.01148885899965535,
            "count": 1,
            "self": 0.01148885899965535
        },
        "TrainerController.start_learning": {
            "total": 32.60334588800106,
            "count": 1,
            "self": 0.022610675969190197,
            "children": {
                "TrainerController._reset_env": {
                    "total": 6.737782166001125,
                    "count": 1,
                    "self": 6.737782166001125
                },
                "TrainerController.advance": {
                    "total": 25.819476314030908,
                    "count": 2360,
                    "self": 0.021998821008310188,
                    "children": {
                        "env_step": {
                            "total": 19.700841036015845,
                            "count": 2360,
                            "self": 18.44228246693092,
                            "children": {
                                "SubprocessEnvManager._take_step": {
                                    "total": 1.244749195060649,
                                    "count": 2360,
                                    "self": 0.06885556004090176,
                                    "children": {
                                        "TorchPolicy.evaluate": {
                                            "total": 1.1758936350197473,
                                            "count": 2360,
                                            "self": 1.1758936350197473
                                        }
                                    }
                                },
                                "workers": {
                                    "total": 0.013809374024276622,
                                    "count": 2359,
                                    "self": 0.0,
                                    "children": {
                                        "worker_root": {
                                            "total": 32.559486984970135,
                                            "count": 2359,
                                            "is_parallel": true,
                                            "self": 15.670457799978976,
                                            "children": {
                                                "run_training.setup": {
                                                    "total": 0.0,
                                                    "count": 0,