{
    "name": "root",
    "gauges": {
        "SimpleBehavior.Policy.Entropy.mean": {
            "value": 1.5142799615859985,
            "min": 1.4922378063201904,
            "max": 1.6048139333724976,
            "count": 30
        },
        "SimpleBehavior.Policy.Entropy.sum": {
            "value": 1514.2799072265625,
            "min": 1491.9146728515625,
            "max": 1660.9239501953125,
            "count": 30
        },
        "SimpleBehavior.Step.mean": {
            "value": 29941.0,
            "min": 971.0,
            "max": 29941.0,
            "count": 30
        },
        "SimpleBehavior.Step.sum": {
            "value": 29941.0,
            "min": 971.0,
            "max": 29941.0,
            "count": 30
        },
        "SimpleBehavior.Policy.ExtrinsicValueEstimate.mean": {
            "value": -0.1772184669971466,
            "min": -0.1772184669971466,
            "max": 2.027071475982666,
            "count": 30
        },
        "SimpleBehavior.Policy.ExtrinsicValueEstimate.sum": {
            "value": -3.5443694591522217,
            "min": -3.5443694591522217,
            "max": 40.775123596191406,
            "count": 30
        },
        "SimpleBehavior.Environment.EpisodeLength.mean": {
            "value": 99.0,
            "min": 69.14285714285714,
            "max": 99.0,
            "count": 30
        },
        "SimpleBehavior.Environment.EpisodeLength.sum": {
            "value": 990.0,
            "min": 948.0,
            "max": 1050.0,
            "count": 30
        },
        "SimpleBehavior.Environment.CumulativeReward.mean": {
            "value": -0.49900001287460327,
            "min": -0.9192857273987362,
            "max": -0.4960000216960907,
            "count": 30
        },
        "SimpleBehavior.Environment.CumulativeReward.sum": {
            "value": -4.990000128746033,
            "min": -12.870000183582306,
            "max": -4.960000216960907,
            "count": 30
        },
        "SimpleBehavior.Policy.ExtrinsicReward.mean": {
            "value": -0.49900001287460327,
            "min": -0.9192857273987362,
            "max": -0.4960000216960907,
            "count": 30
        },
        "SimpleBehavior.Policy.ExtrinsicReward.sum": {
            "value": -4.990000128746033,
            "min": -12.870000183582306,
            "max": -4.960000216960907,
            "count": 30
        },
        "SimpleBehavior.IsTraining.mean": {
            "value": 1.0,
            "min": 1.0,
            "max": 1.0,
            "count": 30
        },
        "SimpleBehavior.IsTraining.sum": {
            "value": 1.0,
            "min": 1.0,
            "max": 1.0,
            "count": 30
        },
        "SimpleBehavior.Losses.PolicyLoss.mean": {
            "value": 0.10160298377741128,
            "min": 0.08443826881314938,
            "max": 0.11653190597038095,
            "count": 14
        },
        "SimpleBehavior.Losses.PolicyLoss.sum": {
            "value": 0.10160298377741128,
            "min": 0.08443826881314938,
            "max": 0.11653190597038095,
            "count": 14
        },
        "SimpleBehavior.Losses.ValueLoss.mean": {
            "value": 0.007345736579736695,
            "min": 0.005871452621552938,
            "max": 0.5851406951745352,
            "count": 14
        },
        "SimpleBehavior.Losses.ValueLoss.sum": {
            "value": 0.007345736579736695,
            "min": 0.005871452621552938,
            "max": 0.5851406951745352,
            "count": 14
        },
        "SimpleBehavior.Policy.LearningRate.mean": {
            "value": 6.9500976833333345e-06,
            "min": 6.9500976833333345e-06,
            "max": 0.00027942000685999993,
            "count": 14
        },
        "SimpleBehavior.Policy.LearningRate.sum": {
            "value": 6.9500976833333345e-06,
            "min": 6.9500976833333345e-06,
            "max": 0.00027942000685999993,
            "count": 14
        },
        "SimpleBehavior.Policy.Epsilon.mean": {
            "value": 0.10231666666666663,
            "min": 0.10231666666666663,
            "max": 0.19314000000000006,
            "count": 14
        },
        "SimpleBehavior.Policy.Epsilon.sum": {
            "value": 0.10231666666666663,
            "min": 0.10231666666666663,
            "max": 0.19314000000000006,
            "count": 14
        },
        "SimpleBehavior.Policy.Beta.mean": {
            "value": 0.0001256016666666667,
            "min": 0.0001256016666666667,
            "max": 0.004657686,
            "count": 14
        },
        "SimpleBehavior.Policy.Beta.sum": {
            "value": 0.0001256016666666667,
            "min": 0.0001256016666666667,
            "max": 0.004657686,
            "count": 14
        }
    },
    "metadata": {
        "timer_format_version": "0.1.0",
        "start_time_seconds": "1774431634",
        "python_version": "3.10.12 (main, Aug 16 2023, 05:39:07) [GCC 12.2.0]",
        "command_line_arguments": "/usr/local/bin/mlagents-learn /workspace/simple.yaml --run-id=prova11",
        "mlagents_version": "1.1.0",
        "mlagents_envs_version": "1.1.0",
        "communication_protocol_version": "1.5.0",
        "pytorch_version": "2.2.2+cu121",
        "numpy_version": "1.23.5",
        "end_time_seconds": "1774431728"
    },
    "total": 93.65027211300003,
    "count": 1,
    "self": 0.0033579320006538182,
    "children": {
        "run_training.setup": {
            "total": 0.012229976000526221,
            "count": 1,
            "self": 0.012229976000526221
        },
        "TrainerController.start_learning": {
            "total": 93.63468420499885,
            "count": 1,
            "self": 0.24640094706956006,
            "children": {
                "TrainerController._reset_env": {
                    "total": 25.472682557001463,
                    "count": 1,
                    "self": 25.472682557001463
                },
                "TrainerController.advance": {
                    "total": 67.89503164392954,
                    "count": 30302,
                    "self": 0.22685414498664613,
                    "children": {
                        "env_step": {
                            "total": 62.45728593483909,
                            "count": 30302,
                            "self": 50.80083172560444,
                            "children": {
                                "SubprocessEnvManager._take_step": {
                                    "total": 11.49326519312126,
                                    "count": 30302,
                                    "self": 0.6556308501385502,
                                    "children": {
                                        "TorchPolicy.evaluate": {
                                            "total": 10.83763434298271,
                                            "count": 30005,
                                            "self": 10.83763434298271
                                        }
                                    }
                                },
                                "workers": {
                                    "total": 0.16318901611339243,
                                    "count": 30302,
                                    "self": 0.0,
                                    "children": {
                                        "worker_root": {
                                            "total": 93.3065084723221,
                                            "count": 30302,
                                            "is_parallel": true,
                                            "self": 53.80175636918102,
                                            "children": {
                                                "run_training.setup": {
                                                    "total": 0.0,
                                                    "count": 0,