{
    "name": "root",
    "gauges": {
        "SimpleBehavior.Policy.Entropy.mean": {
            "value": 1.5255670547485352,
            "min": 1.501287817955017,
            "max": 1.6038818359375,
            "count": 30
        },
        "SimpleBehavior.Policy.Entropy.sum": {
            "value": 933.6470336914062,
            "min": 924.51513671875,
            "max": 2726.59912109375,
            "count": 30
        },
        "SimpleBehavior.Step.mean": {
            "value": 29988.0,
            "min": 960.0,
            "max": 29988.0,
            "count": 30
        },
        "SimpleBehavior.Step.sum": {
            "value": 29988.0,
            "min": 960.0,
            "max": 29988.0,
            "count": 30
        },
        "SimpleBehavior.Policy.ExtrinsicValueEstimate.mean": {
            "value": -0.30729520320892334,
            "min": -0.38747507333755493,
            "max": 0.3682662546634674,
            "count": 30
        },
        "SimpleBehavior.Policy.ExtrinsicValueEstimate.sum": {
            "value": -4.916723251342773,
            "min": -8.13697624206543,
            "max": 6.904915809631348,
            "count": 30
        },
        "SimpleBehavior.IsTraining.mean": {
            "value": 1.0,
            "min": 1.0,
            "max": 1.0,
            "count": 30
        },
        "SimpleBehavior.IsTraining.sum": {
            "value": 1.0,
            "min": 1.0,
            "max": 1.0,
            "count": 30
        },
        "SimpleBehavior.Environment.EpisodeLength.mean": {
            "value": 99.0,
            "min": 99.0,
            "max": 99.0,
            "count": 18
        },
        "SimpleBehavior.Environment.EpisodeLength.sum": {
            "value": 1683.0,
            "min": 1683.0,
            "max": 1683.0,
            "count": 18
        },
        "SimpleBehavior.Environment.CumulativeReward.mean": {
            "value": -0.5000000149011612,
            "min": -0.5000000149011612,
            "max": -0.5000000149011612,
            "count": 27
        },
        "SimpleBehavior.Environment.CumulativeReward.sum": {
            "value": -8.50000025331974,
            "min": -8.50000025331974,
            "max": -0.5000000149011612,
            "count": 27
        },
        "SimpleBehavior.Policy.ExtrinsicReward.mean": {
            "value": -0.5000000149011612,
            "min": -0.5000000149011612,
            "max": -0.5000000149011612,
            "count": 27
        },
        "SimpleBehavior.Policy.ExtrinsicReward.sum": {
            "value": -8.50000025331974,
            "min": -8.50000025331974,
            "max": -0.5000000149011612,
            "count": 27
        },
        "SimpleBehavior.Losses.PolicyLoss.mean": {
            "value": 0.09648732328426468,
            "min": 0.08612762180294979,
            "max": 0.11535458555517271,
            "count": 11
        },
        "SimpleBehavior.Losses.PolicyLoss.sum": {
            "value": 0.09648732328426468,
            "min": 0.08612762180294979,
            "max": 0.11535458555517271,
            "count": 11
        },
        "SimpleBehavior.Losses.ValueLoss.mean": {
            "value": 0.0006664170630460302,
            "min": 0.0006664170630460302,
            "max": 0.0055960361708619795,
            "count": 11
        },
        "SimpleBehavior.Losses.ValueLoss.sum": {
            "value": 0.0006664170630460302,
            "min": 0.0006664170630460302,
            "max": 0.0055960361708619795,
            "count": 11
        },
        "SimpleBehavior.Policy.LearningRate.mean": {
            "value": 1.7120094293333343e-05,
            "min": 1.7120094293333343e-05,
            "max": 0.0002721200092933333,
            "count": 11
        },
        "SimpleBehavior.Policy.LearningRate.sum": {
            "value": 1.7120094293333343e-05,
            "min": 1.7120094293333343e-05,
            "max": 0.0002721200092933333,
            "count": 11
        },
        "SimpleBehavior.Policy.Epsilon.mean": {
            "value": 0.10570666666666664,
            "min": 0.10570666666666664,
            "max": 0.1907066666666667,
            "count": 11
        },
        "SimpleBehavior.Policy.Epsilon.sum": {
            "value": 0.10570666666666664,
            "min": 0.10570666666666664,
            "max": 0.1907066666666667,
            "count": 11
        },
        "SimpleBehavior.Policy.Beta.mean": {
            "value": 0.0002947626666666668,
            "min": 0.0002947626666666668,
            "max": 0.004536262666666666,
            "count": 11
        },
        "SimpleBehavior.Policy.Beta.sum": {
            "value": 0.0002947626666666668,
            "min": 0.0002947626666666668,
            "max": 0.004536262666666666,
            "count": 11
        }
    },
    "metadata": {
        "timer_format_version": "0.1.0",
        "start_time_seconds": "1774434948",
        "python_version": "3.10.12 (main, Aug 16 2023, 05:39:07) [GCC 12.2.0]",
        "command_line_arguments": "/usr/local/bin/mlagents-learn /workspace/simple.yaml --run-id=prova18",
        "mlagents_version": "1.1.0",
        "mlagents_envs_version": "1.1.0",
        "communication_protocol_version": "1.5.0",
        "pytorch_version": "2.2.2+cu121",
        "numpy_version": "1.23.5",
        "end_time_seconds": "1774434966"
    },
    "total": 18.048005826000008,
    "count": 1,
    "self": 0.0033264619978581322,
    "children": {
        "run_training.setup": {
            "total": 0.011678024000502774,
            "count": 1,
            "self": 0.011678024000502774
        },
        "TrainerController.start_learning": {
            "total": 18.033001340001647,
            "count": 1,
            "self": 0.016071324982476654,
            "children": {
                "TrainerController._reset_env": {
                    "total": 7.433133173000897,
                    "count": 1,
                    "self": 7.433133173000897
                },
                "TrainerController.advance": {
                    "total": 10.563157851018332,
                    "count": 1800,
                    "self": 0.015711944060967653,
                    "children": {
                        "env_step": {
                            "total": 6.102455365969945,
                            "count": 1800,
                            "self": 5.175138172036895,
                            "children": {
                                "SubprocessEnvManager._take_step": {
                                    "total": 0.9173247099861328,
                                    "count": 1800,
                                    "self": 0.050708743034192594,
                                    "children": {
                                        "TorchPolicy.evaluate": {
                                            "total": 0.8666159669519402,
                                            "count": 1800,
                                            "self": 0.8666159669519402
                                        }
                                    }
                                },
                                "workers": {
                                    "total": 0.009992483946916764,
                                    "count": 1800,
                                    "self": 0.0,
                                    "children": {
                                        "worker_root": {
                                            "total": 17.986476389000018,
                                            "count": 1800,
                                            "is_parallel": true,
                                            "self": 13.922210700020514,
                                            "children": {
                                                "run_training.setup": {
                                                    "total": 0.0,
                                                    "count": 0,